"Açude","Data do registro","Volume (%)","Volume (m³)","Afluência/Defluência (m²)"
"Epitácio Pessoa","01/04/1960","90,50","484.714.735","0"
"Epitácio Pessoa","31/01/1967","95","508.831.826","-183.891"
"Epitácio Pessoa","28/02/1967","95,70","512.509.658","1.655.025"
"Epitácio Pessoa","31/03/1967","100","535.680.000","0"
"Epitácio Pessoa","30/04/1967","100","535.680.000","0"
"Epitácio Pessoa","31/05/1967","100","535.680.000","0"
"Epitácio Pessoa","30/06/1967","99,10","531.082.710","0"
"Epitácio Pessoa","31/07/1967","98,80","529.059.902","-183.892"
"Epitácio Pessoa","31/08/1967","98","525.014.287","-183.892"
"Epitácio Pessoa","29/09/1967","97,20","520.600.888","-183.892"
"Epitácio Pessoa","31/10/1967","96,60","517.290.840","0"
"Epitácio Pessoa","30/11/1967","95,50","511.406.308","-183.892"
"Epitácio Pessoa","31/12/1967","94,60","506.625.126","0"
"Epitácio Pessoa","31/01/1968","94,30","504.970.102","183.892"
"Epitácio Pessoa","29/02/1968","93,50","500.924.487","0"
"Epitácio Pessoa","31/03/1968","100","535.680.000","0"
"Epitácio Pessoa","30/04/1968","100","535.680.000","0"
"Epitácio Pessoa","31/05/1968","100","535.680.000","0"
"Epitácio Pessoa","30/06/1968","99,30","531.818.276","0"
"Epitácio Pessoa","31/07/1968","98,70","528.692.119","-183.892"
"Epitácio Pessoa","31/08/1968","97,90","524.646.504","-183.891"
"Epitácio Pessoa","30/09/1968","97","519.681.430","0"
"Epitácio Pessoa","31/10/1968","96","514.348.574","-183.891"
"Epitácio Pessoa","30/11/1968","95,10","509.199.609","-183.891"
"Epitácio Pessoa","31/12/1968","94,20","504.418.427","0"
"Epitácio Pessoa","31/01/1972","89,90","481.562.080","-394.082"
"Epitácio Pessoa","29/02/1972","91,70","491.020.043","7.881.636"
"Epitácio Pessoa","31/03/1972","94,10","504.050.644","0"
"Epitácio Pessoa","30/04/1972","95,80","513.245.224","0"
"Epitácio Pessoa","31/05/1972","96,50","516.923.056","-183.892"
"Epitácio Pessoa","30/06/1972","96","514.164.682","-183.892"
"Epitácio Pessoa","31/07/1972","95,40","510.854.633","-183.892"
"Epitácio Pessoa","31/08/1972","91,44","376.432.108,84","-353.506,29"
"Epitácio Pessoa","29/09/1972","94,30","505.337.885","-183.892"
"Epitácio Pessoa","31/10/1972","93,30","499.821.137","-183.892"
"Epitácio Pessoa","30/11/1972","91,30","489.049.634","-394.082"
"Epitácio Pessoa","31/12/1972","93,80","502.211.728","-183.891"
"Epitácio Pessoa","31/01/1973","94,60","506.809.018","-183.892"
"Epitácio Pessoa","28/02/1973","94,10","504.050.644","0"
"Epitácio Pessoa","31/03/1973","94,30","504.970.102","0"
"Epitácio Pessoa","30/04/1973","100","535.680.000","0"
"Epitácio Pessoa","31/05/1973","99,80","534.760.542","-183.892"
"Epitácio Pessoa","30/06/1973","99,20","531.450.493","-183.892"
"Epitácio Pessoa","31/07/1973","98,70","528.876.011","-183.891"
"Epitácio Pessoa","31/08/1973","98","525.198.179","-183.891"
"Epitácio Pessoa","29/09/1973","97,40","521.888.130","-183.891"
"Epitácio Pessoa","31/10/1973","97","519.865.322","-183.892"
"Epitácio Pessoa","30/11/1973","96","514.348.574","-183.891"
"Epitácio Pessoa","31/12/1973","95,10","509.199.609","-183.891"
"Epitácio Pessoa","31/01/1974","98,10","525.749.854","10.297.930"
"Epitácio Pessoa","28/02/1974","99,20","531.266.601","-367.784"
"Epitácio Pessoa","31/03/1974","100","535.680.000","0"
"Epitácio Pessoa","30/04/1974","100","535.680.000","0"
"Epitácio Pessoa","31/05/1974","100","535.680.000","0"
"Epitácio Pessoa","30/06/1974","99,90","534.944.434","367.784"
"Epitácio Pessoa","31/07/1974","99,50","532.921.626","0"
"Epitácio Pessoa","31/08/1974","98,90","529.611.577","0"
"Epitácio Pessoa","30/09/1974","98,10","525.382.070","-183.892"
"Epitácio Pessoa","31/10/1974","97,10","520.233.105","-183.892"
"Epitácio Pessoa","30/11/1974","96,20","515.084.140","-183.892"
"Epitácio Pessoa","31/12/1974","95,40","511.222.417","-183.891"
"Epitácio Pessoa","31/01/1975","95,30","510.670.742","0"
"Epitácio Pessoa","28/02/1975","95,90","513.980.791","-183.891"
"Epitácio Pessoa","31/03/1975","100","535.680.000","0"
"Epitácio Pessoa","30/04/1975","100","535.680.000","1.838.916"
"Epitácio Pessoa","31/05/1975","99,90","535.312.217","-183.891"
"Epitácio Pessoa","30/06/1975","99,30","532.002.168","0"
"Epitácio Pessoa","31/07/1975","99,70","533.841.084","0"
"Epitácio Pessoa","31/08/1975","98,90","529.979.360","0"
"Epitácio Pessoa","30/09/1975","98","525.014.287","0"
"Epitácio Pessoa","31/10/1975","97,40","521.704.238","-183.892"
"Epitácio Pessoa","29/11/1975","96,50","516.739.165","-183.891"
"Epitácio Pessoa","31/12/1975","99,20","531.634.385","0"
"Epitácio Pessoa","31/01/1976","98","525.198.179","-183.892"
"Epitácio Pessoa","29/02/1976","99,60","533.473.301","-367.783"
"Epitácio Pessoa","31/03/1976","100","535.680.000","0"
"Epitácio Pessoa","30/04/1976","99,50","532.921.626","-551.675"
"Epitácio Pessoa","31/05/1976","99,20","531.266.602","-183.892"
"Epitácio Pessoa","30/06/1976","98,50","527.588.770","0"
"Epitácio Pessoa","31/07/1976","97,80","523.910.938","-183.891"
"Epitácio Pessoa","31/08/1976","97,10","520.233.106","-183.891"
"Epitácio Pessoa","30/09/1976","96,30","515.635.816","-183.891"
"Epitácio Pessoa","31/10/1976","96,70","517.842.515","-183.891"
"Epitácio Pessoa","30/11/1976","95,80","513.429.116","919.458"
"Epitácio Pessoa","31/12/1976","95","509.015.718","-183.891"
"Epitácio Pessoa","31/01/1978","95","508.831.826","-183.892"
"Epitácio Pessoa","28/02/1978","96,70","518.210.298","735.566"
"Epitácio Pessoa","31/03/1978","100","535.680.000","0"
"Epitácio Pessoa","30/04/1978","100","535.680.000","0"
"Epitácio Pessoa","31/05/1978","99,80","534.760.542","-551.675"
"Epitácio Pessoa","30/06/1978","99,40","532.369.952","0"
"Epitácio Pessoa","31/07/1978","99,40","532.369.952","0"
"Epitácio Pessoa","31/08/1978","98,80","529.059.903","0"
"Epitácio Pessoa","30/09/1978","98","525.198.179","-183.892"
"Epitácio Pessoa","31/10/1978","97,30","521.336.455","-183.892"
"Epitácio Pessoa","31/12/1978","95,40","511.038.525","-183.892"
"Epitácio Pessoa","31/01/1979","94,60","506.625.127","-183.892"
"Epitácio Pessoa","28/02/1979","94,10","503.866.753","0"
"Epitácio Pessoa","31/03/1979","93,60","501.292.270","-183.892"
"Epitácio Pessoa","30/04/1979","94,70","507.176.802","183.892"
"Epitácio Pessoa","31/05/1979","94,50","506.257.344","-183.891"
"Epitácio Pessoa","30/06/1979","93,90","502.947.295","-183.891"
"Epitácio Pessoa","31/07/1979","93,40","500.556.704","0"
"Epitácio Pessoa","31/08/1979","92,10","493.384.534","-394.082"
"Epitácio Pessoa","30/09/1979","90,50","484.714.735","-394.082"
"Epitácio Pessoa","31/10/1979","88,40","473.286.363","-394.082"
"Epitácio Pessoa","30/11/1979","86,40","463.040.236","-394.082"
"Epitácio Pessoa","31/12/1979","83,60","447.671.046","-394.082"
"Epitácio Pessoa","31/01/1980","82","439.001.247","0"
"Epitácio Pessoa","29/02/1980","83,60","448.065.128","0"
"Epitácio Pessoa","30/03/1980","84,90","454.764.518","-394.082"
"Epitácio Pessoa","30/04/1980","83,60","447.671.046","-394.082"
"Epitácio Pessoa","31/05/1980","81,10","434.666.347","-394.082"
"Epitácio Pessoa","30/06/1980","80,10","429.149.202","-394.082"
"Epitácio Pessoa","31/07/1980","78,20","419.052.793","-344.176"
"Epitácio Pessoa","31/08/1980","76,30","408.727.523","-344.176"
"Epitácio Pessoa","30/09/1980","74,20","397.713.901","-344.176"
"Epitácio Pessoa","31/10/1980","72,30","387.388.631","-344.176"
"Epitácio Pessoa","30/11/1980","70,10","375.686.658","-344.175"
"Epitácio Pessoa","31/12/1980","68,10","364.673.036","-344.176"
"Epitácio Pessoa","31/01/1981","71","380.160.942","-344.175"
"Epitácio Pessoa","28/02/1981","69,40","371.556.550","-344.175"
"Epitácio Pessoa","31/03/1981","100","535.680.000","0"
"Epitácio Pessoa","07/04/1981","100","535.680.000","0"
"Epitácio Pessoa","30/04/1981","99,60","533.289.410","-367.783"
"Epitácio Pessoa","31/05/1981","98,90","529.795.469","-183.892"
"Epitácio Pessoa","30/06/1981","98,30","526.485.420","0"
"Epitácio Pessoa","31/07/1981","97,50","522.255.913","-183.892"
"Epitácio Pessoa","31/08/1981","96,60","517.290.840","-183.892"
"Epitácio Pessoa","30/09/1981","95,70","512.693.550","-183.891"
"Epitácio Pessoa","31/10/1981","94,60","506.992.910","-183.892"
"Epitácio Pessoa","30/11/1981","93,60","501.660.054","-367.783"
"Epitácio Pessoa","31/12/1981","92,30","494.172.698","0"
"Epitácio Pessoa","31/01/1982","89,80","480.773.917","-394.082"
"Epitácio Pessoa","28/02/1982","88,40","473.680.445","-394.081"
"Epitácio Pessoa","31/03/1982","86,40","462.646.154","-394.082"
"Epitácio Pessoa","30/04/1982","87,90","470.921.872","0"
"Epitácio Pessoa","31/05/1982","88,40","473.680.445","-394.081"
"Epitácio Pessoa","30/06/1982","87,30","467.769.218","0"
"Epitácio Pessoa","31/07/1982","85,60","458.311.255","-394.081"
"Epitácio Pessoa","31/08/1982","84","450.035.537","-394.082"
"Epitácio Pessoa","30/09/1982","81,90","438.607.165","-394.082"
"Epitácio Pessoa","31/10/1982","79,60","426.390.629","-394.082"
"Epitácio Pessoa","29/11/1982","77,60","415.955.212","-344.176"
"Epitácio Pessoa","31/12/1982","75,70","405.285.766","-344.176"
"Epitácio Pessoa","31/01/1983","73,50","393.583.793","-344.176"
"Epitácio Pessoa","28/02/1983","80,80","433.090.020","0"
"Epitácio Pessoa","31/03/1983","82","439.395.328","0"
"Epitácio Pessoa","30/04/1983","80,50","431.119.611","-394.082"
"Epitácio Pessoa","31/05/1983","78,60","421.267.566","-394.082"
"Epitácio Pessoa","30/06/1983","77,30","414.234.334","-344.176"
"Epitácio Pessoa","31/07/1983","75,90","406.318.293","-103.616.883"
"Epitácio Pessoa","31/08/1983","74,20","397.369.726","0"
"Epitácio Pessoa","30/09/1983","72","385.667.753","-344.175"
"Epitácio Pessoa","31/10/1983","70,30","376.375.009","-344.176"
"Epitácio Pessoa","30/11/1983","65,60","351.250.185","-344.175"
"Epitácio Pessoa","31/12/1983","62,80","336.458.179","-344.000"
"Epitácio Pessoa","31/01/1984","60,50","324.074.175","-344.000"
"Epitácio Pessoa","29/02/1984","58,30","312.034.171","-344.000"
"Epitácio Pessoa","31/03/1984","65,80","352.626.887","0"
"Epitácio Pessoa","30/04/1984","100","535.680.000","0"
"Epitácio Pessoa","31/05/1984","99,90","535.128.326","-183.891"
"Epitácio Pessoa","30/06/1984","98,90","529.979.361","-183.891"
"Epitácio Pessoa","31/07/1984","98,50","527.772.661","-183.892"
"Epitácio Pessoa","31/08/1984","98,10","525.382.071","0"
"Epitácio Pessoa","30/09/1984","97,30","520.968.672","-183.892"
"Epitácio Pessoa","31/10/1984","96,30","516.003.599","-183.891"
"Epitácio Pessoa","30/11/1984","95,30","510.486.851","-183.891"
"Epitácio Pessoa","31/12/1984","94,20","504.418.428","-183.891"
"Epitácio Pessoa","31/01/1985","93,70","501.843.945","-183.892"
"Epitácio Pessoa","28/02/1985","100","535.680.000","0"
"Epitácio Pessoa","31/03/1985","100","535.680.000","0"
"Epitácio Pessoa","30/04/1985","100","535.680.000","0"
"Epitácio Pessoa","31/05/1985","99,80","534.760.542","-551.675"
"Epitácio Pessoa","30/06/1985","99,80","534.392.759","-183.892"
"Epitácio Pessoa","31/07/1985","99,10","531.082.710","-183.892"
"Epitácio Pessoa","31/08/1985","98,40","527.037.095","-183.892"
"Epitácio Pessoa","30/09/1985","97,50","522.255.913","-183.892"
"Epitácio Pessoa","31/10/1985","96,40","516.555.274","-183.891"
"Epitácio Pessoa","30/11/1985","95,30","510.670.742","-367.783"
"Epitácio Pessoa","30/12/1985","94,40","505.705.669","-183.891"
"Epitácio Pessoa","31/01/1986","93,60","501.292.270","183.891"
"Epitácio Pessoa","28/02/1986","96,70","518.026.406","1.471.132"
"Epitácio Pessoa","31/03/1986","100","535.680.000","0"
"Epitácio Pessoa","30/04/1986","100","535.680.000","0"
"Epitácio Pessoa","31/05/1986","99,60","533.473.301","-183.892"
"Epitácio Pessoa","30/06/1986","99,10","530.714.927","-183.892"
"Epitácio Pessoa","31/07/1986","98,90","529.611.578","0"
"Epitácio Pessoa","31/08/1986","98,50","527.404.878","-183.892"
"Epitácio Pessoa","30/09/1986","97,60","522.807.588","-183.892"
"Epitácio Pessoa","31/10/1986","96,60","517.290.840","-183.892"
"Epitácio Pessoa","30/11/1986","95,60","512.325.767","-183.891"
"Epitácio Pessoa","31/12/1986","94,70","507.360.693","-183.892"
"Epitácio Pessoa","31/01/1987","93,60","501.660.054","-183.891"
"Epitácio Pessoa","28/02/1987","93,20","499.269.463","-183.891"
"Epitácio Pessoa","31/03/1987","96,90","519.129.756","5.332.856"
"Epitácio Pessoa","30/04/1987","98,50","527.772.661","-183.892"
"Epitácio Pessoa","31/05/1987","97,60","522.807.588","-183.892"
"Epitácio Pessoa","30/06/1987","96,80","518.761.973","-183.891"
"Epitácio Pessoa","31/07/1987","96,20","515.451.924","-183.892"
"Epitácio Pessoa","31/08/1987","95,20","510.119.067","-183.892"
"Epitácio Pessoa","30/09/1987","94,20","504.786.211","-183.891"
"Epitácio Pessoa","31/10/1987","93,10","498.507.598","-394.082"
"Epitácio Pessoa","30/11/1987","90,50","484.714.735","-394.082"
"Epitácio Pessoa","31/12/1987","87,90","470.921.872","-394.082"
"Epitácio Pessoa","31/01/1988","85,60","458.705.336","-394.082"
"Epitácio Pessoa","29/02/1988","87","465.798.809","0"
"Epitácio Pessoa","31/03/1988","96,50","516.923.057","0"
"Epitácio Pessoa","30/04/1988","99","530.531.036","367.784"
"Epitácio Pessoa","31/05/1988","98,70","528.508.228","-183.892"
"Epitácio Pessoa","30/06/1988","97,90","524.462.613","0"
"Epitácio Pessoa","31/07/1988","97,30","521.152.564","-183.891"
"Epitácio Pessoa","31/08/1988","96,50","516.739.165","0"
"Epitácio Pessoa","30/09/1988","95,50","511.590.200","-183.892"
"Epitácio Pessoa","31/10/1988","94,40","505.889.560","-183.892"
"Epitácio Pessoa","30/11/1988","93,30","499.821.138","-183.891"
"Epitácio Pessoa","31/12/1988","91","487.473.307","-394.082"
"Epitácio Pessoa","31/01/1989","88,80","475.650.854","-394.081"
"Epitácio Pessoa","28/02/1989","86,90","465.404.727","-394.082"
"Epitácio Pessoa","31/03/1989","89,80","480.773.917","1.970.409"
"Epitácio Pessoa","30/04/1989","100","535.680.000","0"
"Epitácio Pessoa","31/05/1989","99,30","532.002.168","-183.892"
"Epitácio Pessoa","29/06/1989","98,80","529.243.794","-183.892"
"Epitácio Pessoa","31/07/1989","98,70","528.508.228","0"
"Epitácio Pessoa","31/08/1989","97,90","524.462.613","0"
"Epitácio Pessoa","30/09/1989","96,90","519.313.648","-183.891"
"Epitácio Pessoa","31/10/1989","95,90","513.613.008","-183.892"
"Epitácio Pessoa","30/11/1989","94,90","508.096.260","-183.891"
"Epitácio Pessoa","31/12/1989","97,80","523.910.938","0"
"Epitácio Pessoa","31/01/1990","96,80","518.394.190","-183.891"
"Epitácio Pessoa","28/02/1990","97,30","520.968.672","0"
"Epitácio Pessoa","31/03/1990","96,10","514.716.358","-183.891"
"Epitácio Pessoa","30/04/1990","95,30","510.670.742","-183.892"
"Epitácio Pessoa","31/05/1990","94,50","506.441.235","0"
"Epitácio Pessoa","30/06/1990","93,90","502.763.403","0"
"Epitácio Pessoa","31/07/1990","93,40","500.372.812","0"
"Epitácio Pessoa","31/08/1990","91,80","491.808.207","0"
"Epitácio Pessoa","30/09/1990","90","481.956.162","-394.082"
"Epitácio Pessoa","31/10/1990","87,50","468.951.463","-788.164"
"Epitácio Pessoa","30/11/1990","85","455.158.600","-788.164"
"Epitácio Pessoa","31/12/1990","82,40","441.365.737","-394.082"
"Epitácio Pessoa","31/01/1991","79,80","427.572.875","-394.081"
"Epitácio Pessoa","28/02/1991","77,80","416.643.564","-344.175"
"Epitácio Pessoa","31/03/1991","86,10","461.463.909","-25.615.317"
"Epitácio Pessoa","30/04/1991","93,40","500.556.704","183.892"
"Epitácio Pessoa","31/05/1991","94,20","504.786.211","0"
"Epitácio Pessoa","30/06/1991","93,40","500.556.704","0"
"Epitácio Pessoa","30/07/1991","92","492.596.371","-394.082"
"Epitácio Pessoa","31/08/1991","90,40","484.320.653","39.014.098"
"Epitácio Pessoa","30/09/1991","88,40","473.286.363","-394.082"
"Epitácio Pessoa","31/10/1991","86","460.675.745","-394.082"
"Epitácio Pessoa","30/11/1991","83,40","446.882.883","-394.081"
"Epitácio Pessoa","31/12/1991","80,70","432.301.856","-394.082"
"Epitácio Pessoa","31/01/1992","91,20","488.655.553","16.945.517"
"Epitácio Pessoa","29/02/1992","95,70","512.877.441","0"
"Epitácio Pessoa","31/03/1992","95,80","513.061.333","0"
"Epitácio Pessoa","30/04/1992","96,60","517.658.623","-183.892"
"Epitácio Pessoa","31/05/1992","95,70","512.509.658","-183.892"
"Epitácio Pessoa","30/06/1992","95","508.647.935","0"
"Epitácio Pessoa","31/07/1992","94,20","504.786.211","-183.891"
"Epitácio Pessoa","31/08/1992","93,40","500.372.812","-183.892"
"Epitácio Pessoa","30/09/1992","92,30","494.566.780","-394.082"
"Epitácio Pessoa","31/10/1992","90,20","483.138.408","0"
"Epitácio Pessoa","30/11/1992","88","471.315.954","-394.082"
"Epitácio Pessoa","31/12/1992","77","316.988.424,25","-340.094,41"
"Epitácio Pessoa","31/01/1993","82,20","440.183.492","-788.164"
"Epitácio Pessoa","28/02/1993","79,60","426.390.629","-394.082"
"Epitácio Pessoa","31/03/1993","77,10","413.201.807","-344.176"
"Epitácio Pessoa","30/04/1993","74,90","401.155.658","-344.176"
"Epitácio Pessoa","31/05/1993","72,90","390.486.212","-344.176"
"Epitácio Pessoa","30/06/1993","71,10","380.849.293","-344.176"
"Epitácio Pessoa","31/07/1993","69,20","370.868.198","-344.176"
"Epitácio Pessoa","31/08/1993","67,20","360.198.752","-344.176"
"Epitácio Pessoa","30/09/1993","65,10","348.842.184","-344.000"
"Epitácio Pessoa","31/10/1993","61,80","331.298.178","-688.000"
"Epitácio Pessoa","30/11/1993","59,30","317.538.173","-344.000"
"Epitácio Pessoa","31/12/1993","56,30","301.370.167","-688.000"
"Epitácio Pessoa","31/01/1994","54,30","290.706.163","0"
"Epitácio Pessoa","28/02/1994","56,60","303.090.167","-344.000"
"Epitácio Pessoa","31/03/1994","57,50","308.250.169","2.064.001"
"Epitácio Pessoa","30/04/1994","56,50","302.746.167","-344.000"
"Epitácio Pessoa","31/05/1994","55,90","299.306.166","-344.000"
"Epitácio Pessoa","30/06/1994","55,40","296.898.165","0"
"Epitácio Pessoa","31/07/1994","54,60","292.426.163","-344.001"
"Epitácio Pessoa","31/08/1994","52,80","282.794.160","-344.000"
"Epitácio Pessoa","30/09/1994","43,20","180.505.032","-217.836,50"
"Epitácio Pessoa","31/10/1994","41,20","172.320.926,20","-402.588,40"
"Epitácio Pessoa","30/11/1994","39,10","163.463.982,30","-402.588,40"
"Epitácio Pessoa","31/12/1994","37","154.549.516,10","0"
"Epitácio Pessoa","31/01/1995","50,41","227.071.853","-236.865"
"Epitácio Pessoa","28/02/1995","53,12","239.262.668","-273.338"
"Epitácio Pessoa","31/03/1995","72,64","327.170.176","688.001"
"Epitácio Pessoa","30/04/1995","80,96","364.673.036","-344.175"
"Epitácio Pessoa","31/05/1995","91,58","412.513.455","344.176"
"Epitácio Pessoa","30/06/1995","90,90","409.415.874","-344.176"
"Epitácio Pessoa","31/07/1995","89,98","405.285.766","-344.175"
"Epitácio Pessoa","31/08/1995","87,61","394.616.320","-344.175"
"Epitácio Pessoa","30/09/1995","84,86","382.225.995","-344.176"
"Epitácio Pessoa","31/10/1995","82,03","369.491.495","-344.176"
"Epitácio Pessoa","30/11/1995","78,82","355.036.116","-688.352"
"Epitácio Pessoa","31/12/1995","75,39","339.554.180","-688.000"
"Epitácio Pessoa","31/01/1996","72,64","327.170.176","-688.000"
"Epitácio Pessoa","29/02/1996","69,43","312.722.171","-344.000"
"Epitácio Pessoa","31/03/1996","53,17","218.886.612,60","-280.306,40"
"Epitácio Pessoa","30/04/1996","57,39","236.265.609,40","3.643.983,20"
"Epitácio Pessoa","31/05/1996","58,34","240.189.899","-560.612,80"
"Epitácio Pessoa","30/06/1996","56,78","233.742.851,80","-280.306,40"
"Epitácio Pessoa","31/07/1996","55,35","227.856.417,40","-280.306,40"
"Epitácio Pessoa","31/08/1996","53,44","220.007.838,20","-280.306,40"
"Epitácio Pessoa","30/09/1996","51,28","211.114.469,48","-255.804,52"
"Epitácio Pessoa","31/10/1996","48,55","199.859.070,60","-255.804,52"
"Epitácio Pessoa","30/11/1996","46,51","191.493.059,40","-461.250,40"
"Epitácio Pessoa","31/12/1996","43,99","181.114.925,40","-230.625,20"
"Epitácio Pessoa","31/01/1997","42,93","176.733.046,60","-461.250,40"
"Epitácio Pessoa","28/02/1997","41,14","169.353.040,20","-461.250,40"
"Epitácio Pessoa","31/03/1997","49,60","204.207.747,44","511.609,04"
"Epitácio Pessoa","30/04/1997","57,87","238.227.754,20","0"
"Epitácio Pessoa","31/05/1997","57,87","238.227.754,20","0"
"Epitácio Pessoa","30/06/1997","55,96","230.379.175","-280.306,40"
"Epitácio Pessoa","31/07/1997","54,05","222.530.595,80","-280.306,40"
"Epitácio Pessoa","31/08/1997","52,09","214.439.928,24","-255.804,52"
"Epitácio Pessoa","30/09/1997","49,54","203.951.942,92","-255.804,52"
"Epitácio Pessoa","31/10/1997","46,68","192.184.935","-255.804,52"
"Epitácio Pessoa","30/11/1997","44,33","182.498.676,60","-461.250,40"
"Epitácio Pessoa","31/12/1997","41,98","172.812.418,20","-230.625,20"
"Epitácio Pessoa","31/01/1998","39,60","162.937.107","-412.354"
"Epitácio Pessoa","28/02/1998","37,40","154.071.497","-206.177"
"Epitácio Pessoa","31/03/1998","35,20","144.823.579","-184.057"
"Epitácio Pessoa","30/04/1998","33,20","136.541.014","-368.114"
"Epitácio Pessoa","31/05/1998","31,40","129.441.089","-164.482"
"Epitácio Pessoa","30/06/1998","30","123.519.719","-328.965"
"Epitácio Pessoa","31/07/1998","28,60","117.598.349","-164.483"
"Epitácio Pessoa","31/08/1998","27,30","112.193.152","-291.524"
"Epitácio Pessoa","30/09/1998","25,60","105.342.351","-291.524"
"Epitácio Pessoa","31/10/1998","23,80","98.039.782","-258.704"
"Epitácio Pessoa","30/11/1998","22,30","91.701.540","-129.352"
"Epitácio Pessoa","31/12/1998","20,70","85.323.977","-232.981"
"Epitácio Pessoa","31/01/1999","19,40","79.848.932","-232.980"
"Epitácio Pessoa","28/02/1999","18,30","75.538.789","-116.491"
"Epitácio Pessoa","31/03/1999","21,10","86.786.169","-129.352"
"Epitácio Pessoa","30/04/1999","20","82.528.209","-116.491"
"Epitácio Pessoa","31/05/1999","20,80","85.789.939","-116.490"
"Epitácio Pessoa","30/06/1999","20","82.528.209","0"
"Epitácio Pessoa","31/07/1999","19,30","79.499.461","-116.490"
"Epitácio Pessoa","31/08/1999","18,40","75.888.260","-116.491"
"Epitácio Pessoa","30/09/1999","17,50","71.964.386","-105.250"
"Epitácio Pessoa","31/10/1999","16,60","68.385.900","-105.249"
"Epitácio Pessoa","30/11/1999","15,60","64.386.415","-105.250"
"Epitácio Pessoa","31/12/1999","16,56","68.175.400","947.246,40"
"Epitácio Pessoa","31/01/2000","19,20","78.917.009","-116.490"
"Epitácio Pessoa","29/02/2000","29","119.407.656,15","0"
"Epitácio Pessoa","31/03/2000","36,10","148.710.896","4.439.488"
"Epitácio Pessoa","30/04/2000","44,90","185.035.554","-230.625"
"Epitácio Pessoa","31/05/2000","44,10","181.576.176","-230.626"
"Epitácio Pessoa","30/06/2000","43,20","177.886.173","-230.625"
"Epitácio Pessoa","31/07/2000","42,50","175.118.671","-230.625"
"Epitácio Pessoa","31/08/2000","41,40","170.506.167","-230.625"
"Epitácio Pessoa","30/09/2000","40,30","166.029.761","-206.177"
"Epitácio Pessoa","31/10/2000","38,70","159.432.098","-206.177"
"Epitácio Pessoa","30/11/2000","37,10","152.834.436","-206.177"
"Epitácio Pessoa","31/12/2000","35,80","147.400.377","-184.057"
"Epitácio Pessoa","31/01/2001","34,30","141.326.496","-184.057"
"Epitácio Pessoa","28/02/2001","32,90","135.436.672","-184.057"
"Epitácio Pessoa","31/03/2001","37,50","154.483.851","1.443.238"
"Epitácio Pessoa","30/04/2001","37","152.422.082","-206.177"
"Epitácio Pessoa","31/05/2001","35,50","146.296.035","0"
"Epitácio Pessoa","30/06/2001","34,90","143.535.180","-184.057"
"Epitácio Pessoa","31/07/2001","34","140.038.097","-184.057"
"Epitácio Pessoa","31/08/2001","32,90","135.436.672","-184.057"
"Epitácio Pessoa","30/09/2001","31,60","129.934.536","-164.483"
"Epitácio Pessoa","31/10/2001","30,40","125.164.544","-164.482"
"Epitácio Pessoa","30/11/2001","29","119.572.139","-164.483"
"Epitácio Pessoa","31/12/2001","27,60","113.815.252","-328.965"
"Epitácio Pessoa","31/01/2002","38,20","157.164.152","-206.177"
"Epitácio Pessoa","28/02/2002","39,90","164.174.168","-412.354"
"Epitácio Pessoa","31/03/2002","45","185.266.179","-230.626"
"Epitácio Pessoa","30/04/2002","44,20","182.037.427","-230.625"
"Epitácio Pessoa","31/05/2002","44","181.114.926","-230.625"
"Epitácio Pessoa","30/06/2002","43,30","178.347.423","0"
"Epitácio Pessoa","31/07/2002","42,10","173.504.294","-230.625"
"Epitácio Pessoa","30/08/2002","40,70","167.679.177","-206.177"
"Epitácio Pessoa","30/09/2002","39,20","161.287.691","-206.177"
"Epitácio Pessoa","31/10/2002","37,50","154.277.674","-206.177"
"Epitácio Pessoa","30/11/2002","35,70","147.032.263","-368.114"
"Epitácio Pessoa","31/12/2002","34,20","140.774.325","-184.057"
"Epitácio Pessoa","31/01/2003","32,70","134.516.387","-184.057"
"Epitácio Pessoa","28/02/2003","32,40","133.227.988","-184.057"
"Epitácio Pessoa","31/03/2003","33,40","137.461.299","0"
"Epitácio Pessoa","30/04/2003","33,70","138.933.755","-184.057"
"Epitácio Pessoa","31/05/2003","32,80","135.068.558","-184.057"
"Epitácio Pessoa","30/06/2003","32","131.571.475","-184.057"
"Epitácio Pessoa","31/07/2003","30,80","126.973.851","-164.483"
"Epitácio Pessoa","31/08/2003","29,70","122.203.859","-164.482"
"Epitácio Pessoa","30/09/2003","28,50","117.433.867","-164.482"
"Epitácio Pessoa","31/10/2003","27,10","111.610.105","-291.524"
"Epitácio Pessoa","30/11/2003","25,80","106.071.160","-145.762"
"Epitácio Pessoa","31/12/2003","24,30","100.240.691","-145.762"
"Epitácio Pessoa","31/01/2004","96,50","397.258.175","10.621.683"
"Epitácio Pessoa","29/02/2004","100","411.686.287","0"
"Epitácio Pessoa","31/03/2004","100","411.686.287","0"
"Epitácio Pessoa","30/04/2004","100","411.686.287","0"
"Epitácio Pessoa","31/05/2004","99,60","410.121.078","0"
"Epitácio Pessoa","30/06/2004","98,90","406.990.659","-391.302"
"Epitácio Pessoa","31/07/2004","99,10","408.164.566","0"
"Epitácio Pessoa","31/08/2004","97,20","400.338.519","-391.302"
"Epitácio Pessoa","30/09/2004","95,20","392.130.466","0"
"Epitácio Pessoa","31/10/2004","92,70","381.508.784","-732.529"
"Epitácio Pessoa","30/11/2004","90,40","372.190.034","-353.506"
"Epitácio Pessoa","31/12/2004","87,80","361.584.845","-353.506"
"Epitácio Pessoa","31/01/2005","90","370.422.502","-353.507"
"Epitácio Pessoa","28/02/2005","88,40","364.059.389","-353.506"
"Epitácio Pessoa","31/03/2005","100","411.686.287","0"
"Epitácio Pessoa","30/04/2005","100","411.686.287","0"
"Epitácio Pessoa","31/05/2005","100","411.686.287","0"
"Epitácio Pessoa","30/06/2005","100","411.686.287","0"
"Epitácio Pessoa","31/07/2005","100","411.686.287","0"
"Epitácio Pessoa","31/08/2005","98,70","406.208.054","-391.303"
"Epitácio Pessoa","30/09/2005","96,20","396.159.380","-366.265"
"Epitácio Pessoa","31/10/2005","93,50","384.805.168","-366.265"
"Epitácio Pessoa","30/11/2005","90,80","373.957.565","-353.507"
"Epitácio Pessoa","31/12/2005","89,90","370.068.996","-353.506"
"Epitácio Pessoa","31/01/2006","87,31","359.463.806,92","-353.506,29"
"Epitácio Pessoa","28/02/2006","85,80","353.100.694","-353.506"
"Epitácio Pessoa","31/03/2006","85,70","352.747.188","1.414.025"
"Epitácio Pessoa","30/04/2006","94,40","388.834.082","4.761.444"
"Epitácio Pessoa","31/05/2006","100","411.686.287","0"
"Epitácio Pessoa","30/06/2006","100","411.686.287","0"
"Epitácio Pessoa","31/07/2006","100","411.686.287","0"
"Epitácio Pessoa","31/08/2006","99,60","410.121.078","-391.302"
"Epitácio Pessoa","30/09/2006","97,05","399.555.913,49","-391.302,37"
"Epitácio Pessoa","31/10/2006","94,27","388.101.551,45","-366.264,91"
"Epitácio Pessoa","30/11/2006","91,69","377.492.627,71","-353.506,29"
"Epitácio Pessoa","31/12/2006","89,12","366.887.439,01","0"
"Epitácio Pessoa","31/01/2007","86,46","355.928.744,02","-707.012,58"
"Epitácio Pessoa","28/02/2007","89,20","367.240.945,30","-353.506,29"
"Epitácio Pessoa","31/03/2007","88,77","365.473.413,85","-353.506,29"
"Epitácio Pessoa","30/04/2007","87,06","358.403.288,05","0"
"Epitácio Pessoa","31/05/2007","85,08","350.272.643,38","-353.506,29"
"Epitácio Pessoa","30/06/2007","83,54","343.909.530,16","-353.506,29"
"Epitácio Pessoa","31/07/2007","81,71","336.373.805,62","-340.094,41"
"Epitácio Pessoa","31/08/2007","79,89","328.891.728,60","-340.094,41"
"Epitácio Pessoa","30/09/2007","77,91","320.729.462,76","-340.094,41"
"Epitácio Pessoa","31/10/2007","75,26","309.846.441,64","-340.094,41"
"Epitácio Pessoa","30/11/2007","72,57","298.779.505,50","-323.551,95"
"Epitácio Pessoa","31/12/2007","69,90","287.778.739,20","-647.103,90"
"Epitácio Pessoa","31/01/2008","67,39","277.425.076,80","-323.551,95"
"Epitácio Pessoa","29/02/2008","65,23","268.547.158,50","910.045,26"
"Epitácio Pessoa","31/03/2008","110,03","452.965.706,59","-44.879.601,85"
"Epitácio Pessoa","30/04/2008","104,93","431.985.249,56","-839.218,28"
"Epitácio Pessoa","31/05/2008","104,83","431.565.640,42","-419.609,14"
"Epitácio Pessoa","30/06/2008","102,16","420.559.791","-406.125,92"
"Epitácio Pessoa","31/07/2008","100,78","414.886.281,40","-399.999,30"
"Epitácio Pessoa","31/08/2008","99,05","407.773.263,29","-391.302,37"
"Epitácio Pessoa","30/09/2008","96,67","397.990.704","-391.302,37"
"Epitácio Pessoa","31/10/2008","94","387.002.756,73","-366.264,91"
"Epitácio Pessoa","30/11/2008","91,09","375.018.083,68","-353.506,29"
"Epitácio Pessoa","31/12/2008","88,26","363.352.376,11","-707.012,58"
"Epitácio Pessoa","31/01/2009","85,60","352.393.681,12","-353.506,29"
"Epitácio Pessoa","28/02/2009","86,37","355.575.237,73","0"
"Epitácio Pessoa","31/03/2009","86,54","356.282.250,31","-353.506,29"
"Epitácio Pessoa","30/04/2009","94,54","389.200.346,18","7.325.298,18"
"Epitácio Pessoa","31/05/2009","109,82","452.126.488,31","-4.615.700,55"
"Epitácio Pessoa","30/06/2009","104,03","428.276.183,42","-812.251,83"
"Epitácio Pessoa","31/07/2009","102,94","423.808.798,33","-812.251,84"
"Epitácio Pessoa","31/08/2009","101,37","417.310.783,67","0"
"Epitácio Pessoa","30/09/2009","98,95","407.381.960,91","-391.302,38"
"Epitácio Pessoa","31/10/2009","95,78","394.328.054,91","-366.264,91"
"Epitácio Pessoa","30/11/2009","93,03","382.973.842,73","-366.264,91"
"Epitácio Pessoa","31/12/2009","90,49","372.543.539,65","-353.506,29"
"Epitácio Pessoa","31/01/2010","89,81","369.715.489,33","-353.506,29"
"Epitácio Pessoa","28/02/2010","88,26","363.352.376,11","-353.506,29"
"Epitácio Pessoa","31/03/2010","87,92","361.938.350,95","1.767.531,45"
"Epitácio Pessoa","30/04/2010","87,66","360.877.832,08","-353.506,29"
"Epitácio Pessoa","31/05/2010","88,43","364.059.388,69","-353.506,29"
"Epitácio Pessoa","30/06/2010","88,09","362.645.363,53","0"
"Epitácio Pessoa","31/07/2010","86,46","355.928.744,02","-353.506,29"
"Epitácio Pessoa","31/08/2010","84,40","347.444.593,06","-353.506,29"
"Epitácio Pessoa","30/09/2010","81,95","337.394.088,85","-340.094,41"
"Epitácio Pessoa","31/10/2010","83,37","343.202.517,58","-353.506,29"
"Epitácio Pessoa","30/11/2010","80,47","331.272.389,47","-340.094,41"
"Epitácio Pessoa","31/12/2010","77,99","321.069.557,17","-340.094,41"
"Epitácio Pessoa","31/01/2011","79,64","327.871.445,37","-340.094,41"
"Epitácio Pessoa","28/02/2011","89,12","366.887.439,01","6.009.606,93"
"Epitácio Pessoa","31/03/2011","105,13","432.824.467,84","-1.258.827,43"
"Epitácio Pessoa","30/04/2011","108,19","445.412.742,06","9.231.401,09"
"Epitácio Pessoa","31/05/2011","105,34","433.663.686,12","-419.609,15"
"Epitácio Pessoa","30/06/2011","102,85","423.402.672,42","0"
"Epitácio Pessoa","31/07/2011","103,54","426.245.553,83","0"
"Epitácio Pessoa","31/08/2011","101,76","418.935.287,33","-406.125,92"
"Epitácio Pessoa","30/09/2011","99,33","408.947.170,40","-391.302,37"
"Epitácio Pessoa","31/10/2011","96,50","397.258.174,18","-366.264,91"
"Epitácio Pessoa","30/11/2011","93,92","386.636.491,82","-366.264,91"
"Epitácio Pessoa","31/12/2011","90,84","373.957.564,81","-353.506,29"
"Epitácio Pessoa","31/01/2012","88,77","365.473.413,85","-353.506,29"
"Epitácio Pessoa","29/02/2012","87,66","360.877.832,08","-353.506,29"
"Epitácio Pessoa","31/03/2012","84,05","346.030.567,90","-353.506,29"
"Epitácio Pessoa","30/04/2012","81,13","333.993.144,75","-680.188,82"
"Epitácio Pessoa","31/05/2012","78,81","324.470.501,27","0"
"Epitácio Pessoa","30/06/2012","76,91","316.648.329,84","-340.094,41"
"Epitácio Pessoa","31/07/2012","75,01","308.826.158,41","-340.094,41"
"Epitácio Pessoa","31/08/2012","72,65","299.103.057,45","-323.551,95"
"Epitácio Pessoa","30/09/2012","70,14","288.749.395,05","-323.551,95"
"Epitácio Pessoa","31/10/2012","67,23","276.777.972,90","-647.103,90"
"Epitácio Pessoa","30/11/2012","64,05","263.693.583,78","-606.696,84"
"Epitácio Pessoa","31/12/2012","61,18","251.862.995,40","-303.348,42"
"Epitácio Pessoa","31/01/2013","58,34","240.189.899","-280.306,40"
"Epitácio Pessoa","28/02/2013","55,76","229.538.255,80","-280.306,40"
"Epitácio Pessoa","31/03/2013","53,44","220.007.838,20","-560.612,80"
"Epitácio Pessoa","30/04/2013","51,84","213.416.710,16","0"
"Epitácio Pessoa","31/05/2013","49,91","205.486.770,04","-511.609,04"
"Epitácio Pessoa","30/06/2013","48,30","198.835.852,52","-255.804,52"
"Epitácio Pessoa","31/07/2013","46,87","192.952.348,56","-255.804,52"
"Epitácio Pessoa","31/08/2013","45","185.266.179","-230.625,20"
"Epitácio Pessoa","30/09/2013","43,21","177.886.172,60","-230.625,20"
"Epitácio Pessoa","31/10/2013","40,93","168.503.884,12","-206.176,96"
"Epitácio Pessoa","30/11/2013","39,38","162.112.398,36","-206.176,96"
"Epitácio Pessoa","31/12/2013","37,47","154.277.673,88","-412.353,92"
"Epitácio Pessoa","31/01/2014","35,22","145.007.635,81","-184.057,01"
"Epitácio Pessoa","28/02/2014","33,88","139.485.925,51","-184.057,01"
"Epitácio Pessoa","31/03/2014","32,50","133.780.158,20","-184.057,01"
"Epitácio Pessoa","30/04/2014","32","131.755.531,09","1.820.995,58"
"Epitácio Pessoa","31/05/2014","31,87","131.203.360,06","-184.057,01"
"Epitácio Pessoa","30/06/2014","31","127.631.780,65","328.964,98"
"Epitácio Pessoa","31/07/2014","29,84","122.861.788,44","-164.482,49"
"Epitácio Pessoa","31/08/2014","28,49","117.269.383,78","-164.482,49"
"Epitácio Pessoa","30/09/2014","27,11","111.610.104,92","-145.761,72"
"Epitácio Pessoa","31/10/2014","25,73","105.925.397,84","-145.761,72"
"Epitácio Pessoa","30/11/2014","24,28","99.949.167,32","-145.761,72"
"Epitácio Pessoa","31/12/2014","23","94.676.633,08","-129.351,88"
"Epitácio Pessoa","31/01/2015","21,65","89.114.502,24","-129.351,88"
"Epitácio Pessoa","28/02/2015","21,46","88.338.390,96","-258.703,76"
"Epitácio Pessoa","31/03/2015","20,53","84.508.544,38","-232.980,66"
"Epitácio Pessoa","30/04/2015","19,74","81.246.815,14","-116.490,33"
"Epitácio Pessoa","31/05/2015","18,63","76.703.692,27","116.490,33"
"Epitácio Pessoa","30/06/2015","17,86","73.543.129,60","0"
"Epitácio Pessoa","31/07/2015","17,28","71.122.388,80","-105.249,60"
"Epitácio Pessoa","31/08/2015","16,38","67.438.652,80","0"
"Epitácio Pessoa","30/09/2015","15,35","63.204.469,04","-190.236,74"
"Epitácio Pessoa","31/10/2015","14,29","58.829.024,56","-190.236,72"
"Epitácio Pessoa","30/11/2015","13,32","54.834.052,48","-190.236,74"
"Epitácio Pessoa","31/12/2015","12,54","51.642.342,33","-170.377,98"
"Epitácio Pessoa","31/01/2016","11,92","49.086.672,63","-85.188,99"
"Epitácio Pessoa","29/02/2016","11,30","46.531.002,93","-85.188,99"
"Epitácio Pessoa","31/03/2016","10,56","43.453.734,72","-75.180,16"
"Epitácio Pessoa","30/04/2016","9,95","40.972.789,44","-150.360,32"
"Epitácio Pessoa","31/05/2016","9,28","38.218.750,01","-65.971,33"
"Epitácio Pessoa","30/06/2016","8,64","35.579.896,81","-131.942,66"
"Epitácio Pessoa","31/07/2016","7,95","32.743.129,62","-65.971,33"
"Epitácio Pessoa","31/08/2016","7,34","30.221.466,16","-57.073,78"
"Epitácio Pessoa","30/09/2016","6,70","27.596.072,02","-114.147,54"
"Epitácio Pessoa","31/10/2016","6,05","24.888.594,75","-48.942,37"
"Epitácio Pessoa","30/11/2016","5,39","22.196.764,40","-97.884,74"
"Epitácio Pessoa","31/12/2016","4,82","19.828.074,48","-42.116,44"
"Epitácio Pessoa","31/01/2017","4,21","17.343.204,52","-84.232,88"
"Epitácio Pessoa","28/02/2017","3,72","15.312.655,88","-70.567,38"
"Epitácio Pessoa","31/03/2017","3,18","13.094.571,31","-58.974,26"
"Epitácio Pessoa","30/04/2017","3,45","14.183.577,60","282.269,44"
"Epitácio Pessoa","31/05/2017","5,46","22.490.417,88","391.539,04"
"Epitácio Pessoa","30/06/2017","6,84","28.166.810,08","171.221,34"
"Epitácio Pessoa","31/07/2017","7,73","31.819.532","114.147,56"
"Epitácio Pessoa","31/08/2017","8,40","34.590.327,44","65.971,32"
"Epitácio Pessoa","30/09/2017","8,63","35.513.925,92","0"
"Epitácio Pessoa","31/10/2017","9,24","38.020.836,08","0"
"Epitácio Pessoa","30/11/2017","9,30","38.284.721,36","0"
"Epitácio Pessoa","31/12/2017","9,66","39.769.906,88","0"
"Epitácio Pessoa","31/01/2018","10,26","42.250.852,16","75.180,16"
"Epitácio Pessoa","28/02/2018","12,07","49.682.996","255.567"
"Epitácio Pessoa","30/03/2018","16,89","69.543.644,80","315.748,80"
"Epitácio Pessoa","30/04/2018","35,13","144.639.522,16","0"
"Epitácio Pessoa","31/05/2018","34,95","143.903.294","-184.057,04"
"Epitácio Pessoa","30/06/2018","33,35","137.277.240,56","-184.057,04"
"Epitácio Pessoa","31/07/2018","31,60","130.099.016","-184.057,04"
"Epitácio Pessoa","31/08/2018","29,76","122.532.821,92","-328.964,96"
"Epitácio Pessoa","29/09/2018","28,01","115.295.592,80","-328.964,96"
"Epitácio Pessoa","31/10/2018","26,01","107.091.492,40","-291.523,36"
"Epitácio Pessoa","30/11/2018","24,14","99.366.123,36","-291.523,36"
"Epitácio Pessoa","31/12/2018","22,40","92.218.948,24","-258.703,84"
"Epitácio Pessoa","31/01/2019","18,24","85.090.995,12","-232.980,64"
"Epitácio Pessoa","28/02/2019","20,18","94.159.227,04","-129.351,92"
"Epitácio Pessoa","31/03/2019","20,88","97.393.025,04","3.233.798"
"Epitácio Pessoa","30/04/2019","23,02","107.383.015,76","0"
"Epitácio Pessoa","31/05/2019","22,80","106.362.684","-145.761,68"
"Epitácio Pessoa","30/06/2019","25,05","116.849.919,64","-156.003,67"
"Epitácio Pessoa","31/07/2019","23,47","109.511.121,28","-299.116,95"
"Epitácio Pessoa","31/08/2019","21,21","98.935.926,72","-139.821,98"
"Epitácio Pessoa","30/09/2019","19,74","92.084.814,36","-263.405,28"
"Epitácio Pessoa","31/10/2019","18,18","84.819.318,17","-248.014,19"
"Epitácio Pessoa","30/11/2019","16,61","77.489.622,07","-349.970,75"
"Epitácio Pessoa","31/12/2019","15,07","70.287.130,90","-217.703,73"
"Epitácio Pessoa","31/01/2020","18,13","84.571.797,21","-123.699,59"
"Epitácio Pessoa","29/02/2020","21,53","100.460.185,70","-278.606,90"
"Epitácio Pessoa","31/03/2020","63,29","295.275.077,70","991.244,40"
"Epitácio Pessoa","30/04/2020","67,06","312.839.440,90","2.749.778,30"
"Epitácio Pessoa","31/05/2020","70,83","330.452.143,80","359.768,50"
"Epitácio Pessoa","30/06/2020","68,92","321.550.980,80","-704.993,90"
"Epitácio Pessoa","01/07/2020","68,85","321.198.950,40","-352.030,40"
